{"stats":{"minecraft:custom":{"minecraft:time_since_rest":52652,"minecraft:crouch_one_cm":7654,"minecraft:play_time":52652,"minecraft:sprint_one_cm":1286,"minecraft:inspect_dropper":2,"minecraft:walk_one_cm":17353,"minecraft:sneak_time":5589,"minecraft:drop":1,"minecraft:jump":72,"minecraft:inspect_hopper":1,"minecraft:damage_dealt":0,"minecraft:leave_game":1,"minecraft:time_since_death":52652,"minecraft:total_world_time":52766,"minecraft:fly_one_cm":510782},"minecraft:picked_up":{"minecraft:item_frame":1,"minecraft:stick":1,"minecraft:repeater":3,"minecraft:netherite_sword":1,"minecraft:lime_concrete":2,"minecraft:lever":1,"minecraft:comparator":5,"minecraft:redstone_torch":10,"minecraft:stone_button":1,"minecraft:redstone":90},"minecraft:dropped":{"minecraft:stick":1},"minecraft:used":{"minecraft:redstone_torch":5,"minecraft:lever":5,"minecraft:orange_concrete":25,"minecraft:light_gray_concrete":12,"minecraft:redstone":23,"minecraft:oak_sign":10,"minecraft:sandstone":69,"minecraft:gray_stained_glass":8}},"DataVersion":3953}